Title,Rating,Votes,Duration
1. Anora,7.6, (160K),2h 19m
2. The Substance,7.3, (284K),2h 21m
3. The Brutalist,7.5, (71K),3h 36m
4. Conclave,7.4, (135K),2h
5. A Complete Unknown,7.4, (62K),2h 21m
6. I'm Still Here,8.4, (97K),2h 17m
7. Gladiator II,6.5, (219K),2h 28m
8. A Real Pain,7.1, (78K),1h 30m
9. Babygirl,6.0, (48K),1h 54m
10. Pushpa: The Rule - Part 2,6.1, (54K),3h 21m
11. Mufasa: The Lion King,6.6, (48K),1h 58m
12. Parthenope,6.6, (9.5K),2h 17m
13. The Apprentice,7.1, (51K),2h 2m
14. Emilia Pérez,5.4, (85K),2h 12m
15. Dune: Part Two,8.5, (615K),2h 46m
16. Presence,6.1, (18K),1h 24m
17. Horizon: An American Saga - Chapter 1,6.7, (39K),3h 1m
18. It Ends with Us,6.4, (82K),2h 10m
19. Queen of the Ring,7.0, (856),2h 20m
20. The Order,6.8, (38K),1h 56m
21. My Dead Friend Zoe,6.7, (1.6K),1h 43m
22. Juror #2,7.0, (92K),1h 54m
23. The Last Showgirl,6.5, (9.2K),1h 28m
24. September 5,7.1, (21K),1h 35m
25. The Lord of the Rings: The War of the Rohirrim,6.3, (28K),2h 14m
26. We Live in Time,7.0, (49K),1h 48m
27. Speak No Evil,6.8, (93K),1h 50m
28. Saturday Night,6.9, (29K),1h 49m
29. Challengers,7.0, (152K),2h 11m
30. Here,6.3, (18K),1h 44m
31. Nickel Boys,7.0, (17K),2h 20m
32. Megalopolis,4.7, (35K),2h 18m
33. The Count of Monte-Cristo,7.6, (33K),2h 58m
34. Queer,6.5, (18K),2h 17m
35. The Fall Guy,6.8, (217K),2h 6m
36. William Tell,5.8, (1.9K),2h 13m
37. Kinds of Kindness,6.5, (58K),2h 44m
38. The Outrun,6.9, (14K),1h 58m
39. Inside Out 2,7.5, (212K),1h 36m
40. The Assessment,7.3, (672),1h 54m
41. The Life of Chuck,7.7, (464),1h 50m
42. Small Things Like These,6.8, (21K),1h 38m
43. Joker: Folie à Deux,5.2, (157K),2h 18m
44. Rebel Ridge,6.8, (86K),2h 11m
45. The Six Triple Eight,6.7, (25K),2h 7m
46. A Different Man,6.9, (28K),1h 52m
47. Lucky Baskhar,8.0, (30K),2h 28m
48. The Penguin Lessons,7.2, (273),1h 50m
49. Maria,6.4, (18K),2h 4m
50. Homestead,5.4, (3.4K),1h 52m
51. A Quiet Place: Day One,6.3, (146K),1h 39m
52. The Idea of You,6.3, (72K),1h 55m
53. IF,6.4, (57K),1h 44m
54. Road House,6.2, (166K),2h 1m
55. Memoir of a Snail,7.8, (15K),1h 35m
56. The Girl with the Needle,7.5, (12K),2h 3m
57. My Old Ass,6.9, (38K),1h 29m
58. Kingdom of the Planet of the Apes,6.9, (150K),2h 25m
59. The Return,6.2, (7.6K),1h 56m
60. Freaky Tales,6.5, (377),1h 46m
61. The Seed of the Sacred Fig,7.6, (12K),2h 47m
62. Kneecap,7.6, (17K),1h 45m
63. Caddo Lake,6.8, (41K),1h 43m
64. Mon Potongo,6.8, (171),2h 29m
65. Eephus,7.1, (361),1h 39m
66. The Friend,6.2, (214),2h
67. McVeigh,4.6, (306),1h 30m
68. The Room Next Door,6.8, (18K),1h 47m
69. I Saw the TV Glow,5.8, (35K),1h 40m
70. Horizon: An American Saga - Chapter 2,7.1, (1.2K),3h 10m
71. Superboys of Malegaon,8.0, (1.2K),2h 7m
72. All We Imagine as Light,7.1, (9K),1h 58m
73. Dirty Angels,4.3, (3.2K),1h 44m
74. The Shrouds,5.8, (753),1h 59m
75. Reagan,6.2, (11K),2h 21m
76. Misericordia,6.9, (1.7K),1h 44m
77. Blitz,6.2, (16K),2h
78. Bird,7.0, (7.8K),1h 59m
79. Nr. 24,7.5, (14K),1h 51m
80. In a Violent Nature,5.6, (25K),1h 34m
81. Emmanuelle,4.2, (1.5K),1h 47m
82. Bob Trevino Likes It,8.1, (372),1h 42m
83. Hard Truths,7.3, (4.7K),1h 37m
84. Uglies,4.7, (32K),1h 40m
85. Spaceman,5.7, (42K),1h 47m
86. Miller's Girl,5.2, (23K),1h 33m
87. On Swift Horses,6.1, (183),1h 57m
88. Attack on Titan the Movie: The Last Attack,9.2, (14K),2h 25m
89. The Instigators,6.2, (37K),1h 41m
90. Young Hearts,8.1, (4.5K),1h 39m
91. I Love You Forever,5.6, (142),1h 29m
92. Lift,5.5, (49K),1h 47m
93. A Family Affair,5.3, (36K),1h 51m
94. Distant,5.7, (3K),1h 27m
95. Rumours,5.0, (4.3K),1h 44m
96. Maharaja,8.4, (65K),2h 21m
97. Mothers' Instinct,6.3, (20K),1h 34m
98. Culpa Tuya,5.2, (13K),1h 58m
99. The Forge,6.7, (4.6K),2h 4m
100. Psycho Therapy: The Shallow Tale of a Writer Who Decided to Write about a Serial Killer,8.5, (75),1h 42m
101. Killer Heat,5.6, (13K),1h 35m
102. Kalki 2898 AD,7.0, (66K),3h
103. Young Woman and the Sea,7.5, (17K),2h 9m
104. Absolution,5.2, (7.5K),1h 52m
105. Exhuma,6.9, (23K),2h 14m
106. The Fire Inside,6.7, (2.2K),1h 49m
107. Audrey's Children,9.0, (108),1h 50m
108. Die Alone,5.7, (2.7K),1h 31m
109. Bonhoeffer: Pastor. Spy. Assassin.,6.3, (3.4K),2h 13m
110. Guilty Pleasure,5.5, (87),1h 59m
111. Arcadian,5.5, (22K),1h 32m
112. Long Gone Heroes,5.2, (993),1h 41m
113. Vermiglio,6.9, (3.6K),1h 59m
114. The Marching Band,7.5, (2.2K),1h 43m
115. Unstoppable,6.8, (3.9K),1h 56m
116. Back to Black,6.3, (26K),2h 2m
117. Joy,7.1, (9K),1h 55m
118. Ordinary Angels,7.4, (15K),1h 58m
119. The Deliverance,5.1, (22K),1h 52m
120. The Devil's Bath,6.6, (5.9K),2h 1m
121. Lonely Planet,5.7, (11K),1h 34m
122. Atlas,5.6, (55K),1h 58m
123. Goodrich,6.3, (5K),1h 50m
124. The Girl in the Pool,4.3, (1.4K),1h 29m
125. The Damned,5.7, (3.7K),1h 29m
126. Arthur the King,7.0, (34K),1h 47m
127. Beating Hearts,7.0, (4.1K),2h 46m
128. How to Make Millions Before Grandma Dies,8.0, (13K),2h 5m
129. The Salt Path,8.0, (104),1h 55m
130. Canary Black,5.4, (11K),1h 41m
131. Love Me,5.2, (2.2K),1h 31m
132. Girls Will Be Girls,7.1, (2.3K),1h 58m
133. Rebel Moon - Part Two: The Scargiver,5.3, (59K),2h 2m
134. Grafted,5.6, (2.1K),1h 36m
135. This Is Me... Now,4.1, (7.1K),1h 5m
136. Modi: Three Days on the Wing of Madness,5.5, (448),1h 50m
137. Sister Midnight,6.6, (305),1h 47m
138. Armor,3.5, (3.7K),1h 29m
139. Watchmen: Chapter I,7.0, (6.3K),1h 23m
140. The End,5.5, (1.6K),2h 28m
141. Black Dog,7.2, (2.4K),1h 56m
142. Santosh,7.0, (1.5K),2h 8m
143. The Children's Train,7.4, (6.8K),1h 46m
144. Ghostlight,7.6, (5.6K),1h 55m
145. Dìdi,7.3, (12K),1h 33m
146. The Uninvited,5.9, (141),1h 37m
147. My Penguin Friend,6.7, (4.8K),1h 37m
148. Being Maria,6.1, (541),1h 40m
149. Ask Me What You Want,3.6, (318),1h 54m
150. Vanvaas,6.7, (1.2K),2h 40m
151. Under Paris,5.2, (36K),1h 44m
152. Kishkindha Kaandam,8.0, (11K),2h 13m
153. La Cocina,7.2, (2.4K),2h 19m
154. Loveable,8.0, (1.4K),1h 41m
"155. Oh, Canada",5.7, (1.8K),1h 31m
156. Armand,6.3, (2.4K),1h 58m
157. Look Back,7.8, (14K),58m
158. Millers in Marriage,5.2, (335),1h 57m
159. Baby John,5.4, (17K),2h 39m
160. Winner,6.5, (2.3K),1h 43m
161. Blackwater Lane,4.6, (1.8K),1h 48m
162. A Sacrifice,5.1, (5.1K),1h 34m
163. Faith of Angels,5.9, (176),1h 38m
164. Bob Marley: One Love,6.2, (34K),1h 47m
165. Mother of the Bride,4.8, (17K),1h 28m
166. Inside,7.0, (220),1h 44m
167. My Favourite Cake,7.4, (7K),1h 37m
168. Crossing,7.4, (4.8K),1h 46m
169. The Tearsmith,5.2, (12K),1h 43m
170. Sebastian,6.7, (1.6K),1h 50m
171. Winter Spring Summer or Fall,6.7, (423),1h 37m
172. Succubus,4.6, (1.2K),1h 43m
173. A Nice Indian Boy,7.2, (152),1h 36m
174. Monsieur Aznavour,7.3, (2.2K),2h 13m
175. Souleymane's Story,7.7, (2.5K),1h 33m
176. Boneyard,4.1, (4.9K),1h 36m
177. Hagen,6.1, (1.1K),2h 19m
178. Omni Loop,5.6, (2.7K),1h 52m
179. On Becoming a Guinea Fowl,7.2, (710),1h 39m
180. Holy Cow,7.2, (1.1K),1h 32m
181. Lilies Not for Me,7.8, (81),1h 39m
182. Out of My Mind,7.4, (2.6K),1h 42m
183. Bring Them Down,6.8, (876),1h 46m
184. Mea Culpa,4.2, (7K),2h
185. Bramayugam,7.8, (14K),2h 19m
186. Hold Your Breath,5.3, (8.4K),1h 34m
187. Depravity,4.3, (933),1h 57m
188. The Thicket,5.8, (2.9K),1h 48m
189. Touch,7.4, (5.3K),2h 1m
190. Wild Diamond,6.3, (614),1h 43m
191. When Fall Is Coming,6.8, (1.3K),1h 44m
"192. The Way, My Way",6.6, (430),1h 38m
193. Universal Language,7.1, (1.1K),1h 29m
194. The Piano Lesson,6.2, (4.8K),2h 7m
195. The Most Precious of Cargoes,7.2, (758),1h 21m
196. Bonjour Tristesse,6.0, (85),1h 50m
197. The Mehta Boys,7.2, (2.3K),1h 56m
198. The Dead Thing,4.7, (838),1h 34m
199. Unsung Hero,7.0, (4.9K),1h 53m
200. No Way Up,4.6, (10K),1h 30m
201. Cabrini,7.3, (8.5K),2h 22m
202. Mary,5.2, (8K),1h 52m
203. The Redemption of Sin,6.0, (153),1h 56m
204. Damaged,4.7, (7.2K),1h 37m
205. The Wonderful Story of Henry Sugar and Three More,7.1, (6.3K),1h 28m
206. Scoop,6.5, (20K),1h 42m
207. Colors of Evil: Red,6.4, (8.3K),1h 51m
208. Kaulayaw,4.4, (147),1h 35m
209. Midas Man,6.4, (1.5K),1h 52m
210. Watchmen: Chapter II,7.0, (2.8K),1h 30m
211. Handling the Undead,5.4, (4.2K),1h 37m
212. 11 Rebels,6.2, (291),2h 35m
213. Singham Again,4.8, (75K),2h 24m
214. Rob Peace,6.6, (1.9K),2h
215. The Best Christmas Pageant Ever,6.8, (6K),1h 39m
216. Lost on a Mountain in Maine,6.1, (1.1K),1h 38m
217. Waves,8.1, (1.5K),2h 11m
218. Madgaon Express,7.0, (41K),2h 23m
219. Escape from Germany,5.3, (912),1h 37m
220. Justice League: Crisis on Infinite Earths - Part Three,6.1, (4.4K),1h 34m
221. Goldilocks and the Two Bears,6.2, (36),2h 16m
222. Sons,6.5, (1.6K),1h 40m
223. Sector 36,7.1, (25K),2h 3m
224. Exhibiting Forgiveness,7.0, (1.1K),1h 57m
225. High Tide,6.6, (507),1h 41m
226. Hounds of War,4.5, (1.7K),1h 35m
227. Now or Never!,2.1, (17K),N/A
228. Chosen Family,4.6, (268),1h 28m
229. B.O.Y.: Bruises of Yesterday,7.7, (343),1h 27m
230. Amaran,8.2, (18K),2h 47m
231. Rez Ball,6.3, (2.4K),1h 51m
232. All of You,7.4, (79),1h 38m
233. Last Night on Earth,4.8, (339),1h 26m
234. The Empire,5.2, (1.2K),1h 50m
235. Turtles All the Way Down,6.6, (6.8K),1h 51m
236. Tyler Perry's Divorce in the Black,4.6, (3.5K),2h 23m
237. Bookworm,6.0, (1.8K),1h 43m
238. Kontra,4.4, (263),1h 41m
239. Goebbels and the Führer,6.7, (1.9K),2h 15m
240. Grand Tour,6.5, (1.4K),2h 8m
241. Big World,7.4, (1.1K),2h 11m
242. Pedro Páramo,6.3, (2.8K),2h 10m
243. I Heard You Buy Souls,2.2, (33),1h 28m
244. Four Letters of Love,6.9, (27),2h 5m
245. Code 8: Part II,5.7, (16K),1h 40m
246. Baby,7.5, (395),1h 47m
247. The Boy with Pink Trousers,6.8, (537),1h 54m
248. Suncoast,6.7, (7.2K),1h 49m
249. I Want to Talk,7.1, (2K),2h 2m
250. Marco,6.8, (1.1K),1h 48m
"251. From Hilde, with Love",6.9, (806),2h 5m
252. Swimming Home,4.9, (376),1h 39m
253. Let Go,7.0, (6.3K),1h 50m
254. I Wish You All the Best,6.9, (70),1h 32m
255. Here Now,4.9, (343),1h 58m
256. Crosspoint,7.2, (30),1h 40m
257. The Thundermans Return,5.0, (1.8K),1h 10m
258. On Falling,7.4, (346),1h 44m
259. Something in the Water,4.1, (4.5K),1h 26m
260. Hey Joe,6.8, (120),1h 57m
261. The Greatest Hits,6.2, (7.3K),1h 34m
262. Darkest Miriam,6.9, (30),1h 27m
263. Fear,8.5, (2.8K),1h 55m
264. The Price of Money: A Largo Winch Adventure,5.0, (1.1K),1h 40m
265. Shaitaan,6.5, (54K),2h 12m
266. The Sand Castle,4.7, (1.6K),1h 38m
267. Bosco,5.6, (3.9K),1h 39m
268. Ponyboi,5.7, (271),1h 43m
269. Maharaj,6.5, (15K),2h 11m
270. Waltzing with Brando,8.6, (319),1h 44m
271. Good One,6.7, (2.4K),1h 29m
272. The New Year That Never Came,8.2, (4.9K),2h 18m
273. The Supremes at Earl's All-You-Can-Eat,6.4, (1.4K),2h 4m
274. The Image of You,4.6, (799),1h 30m
275. Sikandar Ka Muqaddar,6.0, (24K),2h 22m
276. Uprising,6.6, (5.3K),2h 6m
277. Mørkeland,6.2, (912),1h 39m
278. House of Spoils,5.0, (3.7K),1h 41m
279. The Lost Daughter,5.8, (281),1h 39m
280. Way Home,6.7, (693),1h 38m
281. Love in the Big City,7.5, (1.3K),1h 58m
282. Do Patti,6.4, (68K),2h 6m
283. Dreams (Sex Love),7.8, (350),1h 50m
284. Rewind,9.2, (2.3K),2h 15m
285. Viduthalai Part 2,8.0, (16K),2h 50m
286. The Red Virgin,6.8, (3K),1h 54m
287. The Great Lillian Hall,7.4, (1.8K),1h 50m
288. Malta,6.6, (222),1h 37m
289. Badland Hunters,5.9, (12K),1h 47m
290. Between Borders,7.8, (130),1h 30m
291. The Kingdom,7.0, (663),1h 52m
292. Sujo,7.1, (668),2h 6m
293. Devara Part 1,6.0, (20K),2h 56m
294. Bogota: City of the Lost,5.4, (1.8K),1h 48m
295. Ride,5.9, (379),1h 54m
296. Khel Khel Mein,6.5, (27K),2h 15m
297. Julie Keeps Quiet,6.6, (860),1h 40m
298. Peacock,7.2, (354),1h 42m
299. El Jockey,6.5, (1.6K),1h 36m
300. Bedspacer,4.4, (334),1h 30m
301. Niki,5.9, (315),1h 38m
302. In the Summers,6.5, (896),1h 35m
303. Layla,6.1, (353),1h 40m
304. Strictly Confidential,2.8, (835),1h 34m
305. Article 370,7.8, (25K),2h 38m
306. Longing,4.7, (781),1h 51m
307. Through My Window: Looking at You,5.4, (5.1K),1h 45m
308. Barron's Cove,8.0, (28),1h 56m
309. Nutcrackers,5.5, (9.2K),1h 44m
310. Wonderland,6.2, (2.2K),1h 53m
311. Papa,7.5, (308),2h 11m
312. Stormskerry Maja,7.8, (2.2K),2h 44m
313. Sound of Hope: The Story of Possum Trot,7.2, (2K),2h 10m
314. The Beautiful Game,6.3, (8K),2h 5m
315. Broken Rage,6.1, (1.3K),1h 2m
316. Lola,3.8, (1.1K),1h 24m
317. Treasure,6.3, (2K),1h 51m
318. Double Exposure,7.6, (22),1h 33m
319. The Courier,6.0, (4.3K),1h 41m
320. Ulajh,6.0, (24K),2h 30m
321. Marmalade,6.2, (3.5K),1h 39m
322. 1978,5.5, (179),1h 16m
323. The Goat Life,7.1, (47K),2h 53m
324. The Astronaut Lovers,7.1, (557),1h 56m
325. El 47,7.2, (3.2K),1h 50m
326. Khadaan,7.4, (2K),2h 17m
327. Manjummel Boys,8.2, (27K),2h 15m
328. The Tiger's Apprentice,5.7, (2.1K),1h 24m
329. Chhava,8.6, (2.2K),51m
330. The Wages of Fear,4.6, (4.1K),1h 44m
331. The Twisters,2.5, (316),1h 26m
332. Laws of Man,4.1, (333),1h 38m
333. Cinderella's Curse,3.3, (1.3K),1h 22m
334. The Colors Within,7.1, (838),1h 41m
335. Sweet Dreams,5.4, (1.4K),1h 35m
336. Vanished Into the Night,5.2, (4.6K),1h 32m
337. The Wailing,6.1, (1K),1h 47m
338. A True Gentleman,4.5, (2K),1h 50m
339. Take My Hand,6.3, (287),1h 42m
340. Striking Rescue,5.6, (361),1h 46m
341. Timestalker,5.5, (2.9K),1h 29m
342. Nova & Alice,6.0, (256),1h 50m
343. Reading Lolita in Tehran,6.9, (141),1h 48m
344. Fighter,6.2, (52K),2h 46m
345. A House on Fire,7.3, (3.2K),1h 45m
346. Doraemon the Movie: Nobita's Earth Symphony,6.6, (1.4K),1h 55m
347. Cult Killer,4.8, (2.7K),1h 45m
348. Mr. K,6.2, (360),1h 34m
349. The Solitary Gourmet,7.6, (97),1h 50m
350. American Star,5.5, (2.4K),1h 47m
351. Verano en diciembre,5.9, (102),1h 37m
352. A Mistake,5.5, (724),1h 41m
353. Justice,6.3, (3.8K),1h 53m
354. CTRL,6.2, (6K),1h 39m
355. You Are the Apple of My Eye,7.6, (3.3K),1h 41m
356. The Family Star,5.4, (5.4K),2h 39m
357. The Corpse Washer,6.2, (1.1K),1h 47m
358. A Dog's Will 2,6.3, (2.8K),1h 44m
359. Motel Destino,6.6, (1.6K),1h 55m
360. The Flood,6.7, (183),1h 41m
361. Race for Glory: Audi vs. Lancia,5.8, (4.6K),1h 49m
362. Yolo,6.9, (3.6K),2h 9m
363. Three Friends,6.5, (622),1h 57m
364. Belle,5.7, (34),1h 40m
365. Christmas Eve in Miller's Point,5.6, (2.3K),1h 46m
366. Color of Victory,6.1, (40K),2h 37m
367. Don't Let's Go to the Dogs Tonight,8.0, (46),1h 38m
368. The Summer Book,7.0, (283),1h 30m
369. An Unfinished Film,7.2, (458),1h 45m
370. TKT,7.5, (38),1h 23m
371. You Can't Run Forever,4.5, (4.3K),1h 42m
372. Caught by the Tides,6.6, (1.1K),1h 51m
373. Harvest,6.1, (331),2h 11m
374. Amar Singh Chamkila,7.8, (16K),2h 25m
375. God's Not Dead: In God We Trust,3.4, (1.2K),1h 36m
376. Rabia,6.4, (162),1h 34m
377. Shirley,6.2, (3.3K),1h 57m
378. September Says,6.4, (321),1h 40m
379. Four Mothers,7.6, (86),1h 29m
380. Dying,7.5, (1.6K),3h
381. Who by Fire,6.5, (232),2h 41m
382. The Ghost Trap,7.5, (51),1h 46m
383. Ghost Trail,6.7, (762),1h 46m
384. Sicilian Letters,6.1, (591),2h 2m
385. Lilly,8.4, (30),1h 33m
386. Freedom,5.9, (1.3K),1h 50m
387. Life After Fighting,6.4, (1.9K),2h 6m
388. Jigra,6.0, (23K),2h 33m
389. Cinderella's Revenge,3.7, (1.1K),1h 25m
390. The Sabarmati Report,6.4, (24K),2h 7m
391. Finding Faith,6.8, (264),N/A
392. Peter Five Eight,3.5, (1.1K),1h 40m
393. Boss Ma'am,4.9, (141),1h 7m
394. L'attachement,7.3, (437),1h 46m
395. Saripodhaa Sanivaaram,7.0, (8.9K),2h 46m
396. My Melbourne,7.5, (39),1h 40m
397. The Strangers' Case,9.3, (8.2K),1h 43m
398. Los Frikis,7.5, (648),1h 51m
399. The Air He Breathes,6.4, (360),1h 46m
400. Srikanth,7.4, (14K),2h 14m
401. Rita,4.6, (398),1h 55m
402. Love Kills,5.0, (220),1h 40m
403. Before Dawn,5.4, (935),1h 41m
404. After Party,5.8, (72),1h 29m
405. Toxic,6.8, (318),1h 39m
406. Level Cross,6.8, (2.5K),1h 56m
407. One Night in Tokyo,7.5, (57),1h 35m
408. Hisaab Barabar,5.8, (1.7K),1h 52m
409. Parallel,5.3, (1.9K),1h 28m
410. Qalb,6.6, (2.3K),2h 27m
411. The Firing Squad,5.4, (5K),1h 33m
412. Kahar: Kapla High Council,7.0, (443),1h 42m
413. First Shift,4.5, (2K),1h 29m
414. Ashes,4.3, (2.6K),1h 40m
415. Intoxicated by Love,8.5, (12K),1h 58m
416. Without Blood,7.5, (89),1h 31m
417. Stelios,7.3, (1.4K),2h 12m
418. King Ivory,7.2, (62),2h 10m
419. A Place Called Silence,6.5, (1.2K),1h 59m
420. The Silence of Marcos Tremmer,5.9, (135),1h 52m
421. Restless,7.0, (75),1h 29m
422. Limonov: The Ballad of Eddie,6.0, (744),2h 18m
423. The Good Teacher,6.6, (1.8K),1h 31m
424. No Chains No Masters,6.4, (486),1h 38m
425. Cloud,6.3, (914),2h 4m
426. Macbeth,8.0, (140),2h 36m
427. F-Buddies,4.6, (125),53m
428. April,6.4, (356),2h 14m
429. Triumph,5.6, (149),1h 38m
430. Matters of the Heart,6.9, (255),1h 50m
431. Sixty Minutes,5.7, (5.1K),1h 28m
432. Blue Cave,5.5, (6K),1h 28m
433. The Southern Chronicles,8.8, (2.4K),2h
434. Legally Veer,7.5, (4.7K),2h 22m
435. How to Make Gravy,7.0, (886),2h
436. Jim's Story,6.8, (860),1h 41m
437. Arzé,7.2, (159),1h 30m
438. Boléro,6.6, (741),2h
439. Sommartider,6.8, (1.6K),1h 41m
440. A Beautiful Imperfection,6.4, (598),1h 48m
441. Sex,6.6, (899),2h 5m
442. Wanted Man,4.8, (2.5K),1h 25m
443. Happyend,7.0, (427),1h 53m
444. Katas,4.8, (256),1h 41m
445. Decoded,5.8, (420),2h 36m
446. The Shameless,5.7, (197),1h 54m
447. Here After,4.1, (1.3K),1h 33m
448. Outlaw,5.2, (906),1h 22m
449. Matt and Mara,6.5, (918),1h 20m
450. Kryptic,6.3, (95),1h 36m
451. Bibi Rajni,8.6, (709),2h 23m
452. Shepherds,7.3, (190),1h 53m
453. Meiyazhagan,8.4, (13K),2h 57m
454. Camera,6.6, (409),1h 52m
455. Jesus Crown of Thorns,5.6, (55),N/A
456. Grave Torture,6.2, (2.8K),1h 57m
457. The Other Way Around,6.4, (1.3K),1h 54m
458. Teri Baaton Mein Aisa Uljha Jiya,6.2, (54K),2h 21m
459. Umjolo: The Gone Girl,4.4, (266),1h 32m
460. The Last Front,5.5, (603),1h 38m
461. Compulsion,N/A,N/A,1h 34m
462. The Quiet Son,6.7, (569),1h 58m
463. Agni,7.3, (15K),2h 2m
464. Ajosepo,8.7, (52),2h 14m
465. Black Heat,8.6, (74),1h 33m
466. A Part of You,5.8, (2.8K),1h 39m
467. Inheritance,5.1, (3.5K),1h 34m
468. Tabaah,5.4, (525),1h 48m
469. Rajakili,7.6, (560),2h 2m
470. National Theatre Live: Vanya,8.6, (953),2h 2m
471. My Sunshine,7.1, (1.3K),1h 40m
472. The Last Dance,7.9, (1.9K),2h 6m
473. Private Tutor,4.9, (184),1h 5m
474. I Am Nevenka,7.1, (1K),1h 52m
475. Razakar: The Silent Genocide of Hyderabad,7.4, (5.3K),2h 46m
476. The Park Maniac,4.8, (1.6K),1h 43m
477. Revolver,5.4, (824),1h 54m
478. In Her Place,6.2, (1.4K),1h 36m
479. Brief History of a Family,6.7, (400),1h 40m
480. Maid Droid Origins,3.0, (313),1h 36m
481. Crew,5.8, (37K),1h 58m
482. Cellphone,3.0, (697),1h 28m
483. Bye Bye Boredom,6.2, (104),1h 16m
484. Daredevil vs Punisher,N/A,N/A,1h 23m
485. Swag,7.7, (3K),2h 30m
486. Bhakshak,7.2, (7.1K),2h 14m
487. Naples to New York,7.1, (550),2h 4m
488. Atatürk II: 1881-1919,8.9, (1.9K),2h 21m
489. Shontaan,7.1, (441),2h 23m
490. Arcadia,6.9, (444),1h 39m
491. But What About Tomi?,7.1, (752),1h 40m
492. Konchitsya leto,7.2, (103),1h 58m
493. Crayon Shin-chan: Ora's Dinosaur Diary,6.5, (318),1h 46m
494. Three Kilometres to the End of the World,7.0, (854),1h 45m
495. We Were Dangerous,6.3, (326),1h 23m
496. Raayan,6.5, (11K),2h 25m
497. Quisling: The Final Days,7.1, (1.1K),2h 26m
498. Stolen,5.7, (2.2K),1h 45m
499. Another End,6.5, (708),2h 9m
500. Eye for an Eye 2,6.5, (488),1h 30m
501. Anweshippin Kandethum,7.4, (10K),2h 22m
502. Her Story,7.7, (1.7K),2h 3m
503. Ferry 2,5.6, (3.7K),1h 34m
504. Schitterend,6.4, (164),1h 41m
505. Suspended Time,5.4, (287),1h 45m
506. Bila Esok Ibu Tiada,6.5, (252),1h 44m
507. Saint-Exupéry,5.5, (240),1h 38m
508. Bambi: A Tale of Life in the Woods,5.6, (152),1h 25m
509. The Great Yawn of History,5.7, (106),1h 33m
510. Triangle,6.6, (87),1h 36m
511. Azken erromantikoak,6.7, (53),1h 42m
512. Fallen Fruit,6.3, (50),1h 27m
513. Haikyu!! The Dumpster Battle,7.7, (6K),1h 25m
514. Vettaiyan,7.0, (39K),2h 43m
515. Poison,6.6, (200),1h 26m
516. Uranus 2324,6.5, (4.7K),2h 10m
517. Lesson Learned,7.7, (2K),1h 59m
518. Disciples in the Moonlight,3.9, (630),2h 6m
519. GTMax,5.0, (1.2K),1h 40m
520. Kabitan,7.4, (99),1h 4m
"521. Milk, Rice, and the Blood",9.3, (43),45m
522. 18×2 Beyond Youthful Days,7.3, (1.8K),2h 3m
523. Vedaa,6.0, (4.3K),2h 25m
524. Gaslit by My Husband: The Morgan Metzer Story,6.5, (350),1h 28m
525. Mura,7.3, (6.2K),2h 9m
526. Love,7.3, (277),1h 59m
527. Futra Days,4.1, (138),1h 39m
528. Cesium Fallout,6.7, (410),2h 16m
529. Linda,4.9, (360),1h 40m
530. Possession: Kerasukan,3.5, (277),1h 34m
531. My Name Is Loh Kiwan,6.7, (4.3K),2h 11m
532. Kingdom 4: Return of the Great General,7.1, (1.2K),2h 25m
533. When the Light Breaks,6.7, (931),1h 22m
534. Little Death,5.4, (201),1h 50m
535. Dilemma,5.7, (424),1h 24m
536. Maidaan,7.9, (23K),3h 1m
537. U Are the Universe,7.8, (237),1h 30m
538. The Fall,8.2, (31),N/A
539. Thangalaan,6.6, (6.5K),2h 36m
540. A.R.M,7.1, (8.5K),2h 30m
541. Dead Wrong,3.8, (256),1h 44m
542. Las chicas de la estación,7.2, (80),1h 58m
543. He Ain't Heavy,6.0, (351),1h 42m
544. Top 1,5.6, (189),52m
545. Diamanti,7.0, (981),2h 15m
546. The Lockdown,4.3, (597),1h 57m
547. Blue Lock: Episode Nagi,6.6, (2.4K),1h 31m
548. Salve Maria,6.4, (441),1h 51m
549. Breakup Season,5.8, (303),1h 42m
550. Vaazhai,7.7, (4.7K),2h 14m
551. Block Pass,7.0, (339),1h 44m
552. From Ground Zero,7.9, (503),1h 52m
553. Get Fast,3.6, (438),1h 28m
554. Kiskisan,5.2, (123),1h 2m
555. Chandu Champion,7.8, (34K),2h 22m
556. Guntur Kaaram,5.4, (25K),2h 39m
557. Ellbogen,6.2, (254),1h 26m
558. A Legend,4.7, (863),2h 9m
559. Lubber Pandhu,8.2, (5.9K),2h 26m
560. Allen Sunshine,5.4, (180),1h 30m
561. Sarfira,6.9, (11K),2h 35m
562. A Million Minutes,6.5, (1K),2h 5m
563. Wishing on a Star,6.6, (129),1h 39m
564. Kingsmen,6.3, (46),1h 12m
565. The Damned,5.3, (804),1h 29m
566. Familia,6.8, (271),2h
567. Dilig,4.1, (266),45m
568. We Are Wolves,3.5, (256),1h 37m
569. An Ordinary Case,6.6, (788),1h 55m
570. Dirty Boy,8.4, (19),1h 38m
571. Kanguva,4.5, (14K),2h 32m
572. Waitress,5.5, (77),52m
573. Dhakshina,6.5, (5.2K),1h 47m
574. Magma,6.5, (31),1h 25m
"575. Husband, Father, Killer: The Alyssa Pladl Story",6.3, (197),1h 27m
"576. Love, Danielle",8.9, (38),1h 19m
577. The Greatest,7.9, (100),1h 54m
578. Ullozhukku,7.6, (1.8K),2h 3m
579. Twisted Hearts,7.2, (12),1h 30m
580. Savi,6.2, (35K),2h 6m
581. Everybody Loves Jenifa,8.4, (79),2h 15m
582. Maldoror,7.1, (536),2h 35m
583. Hijack '93,3.8, (843),1h 27m
584. Boxer,6.4, (1.3K),2h 30m
585. Le dernier souffle,6.6, (153),1h 37m
586. Bad Fish,3.4, (312),1h 24m
587. Sorgavaasal,6.6, (1.3K),2h 18m
588. And the Breadwinner Is...,6.8, (241),2h 3m
589. Baki Hanma VS Kengan Ashura,5.7, (1.9K),1h 2m
590. Adam the First,6.0, (571),1h 43m
591. Love Is Never on Time,8.9, (57),1h 50m
592. Ghost Cat Anzu,6.5, (723),1h 37m
593. Hamlet,5.8, (132),1h 57m
594. Out of Control,6.1, (100),1h 51m
595. Butas,4.9, (128),1h 52m
596. Something's More Than One Thing,9.0, (90),1h 50m
597. Never Look Away,7.2, (250),1h 25m
598. Despatch,4.4, (4.4K),2h 33m
599. The Shamrock Spitfire,5.1, (473),1h 48m
600. Eat the Night,6.2, (423),1h 46m
601. Daniela Forever,6.3, (199),1h 53m
602. A Nashville Wish,5.6, (89),1h 42m
603. Little Wing,6.1, (930),1h 40m
604. Trust,6.6, (1K),2h 16m
605. What We Wrote Together,6.4, (85),1h 33m
606. TL,4.3, (168),46m
607. Operation Undead,4.6, (369),1h 50m
608. 40 Acres,6.5, (104),1h 53m
609. And Their Children After Them,6.5, (491),2h 26m
610. Kid Snow,5.1, (143),2h 7m
611. Stag,5.1, (109),1h 27m
612. Dead Mail,6.7, (279),1h 46m
613. Young Lion of the West,8.1, (106),1h 33m
614. Beyond the Rush,8.2, (374),1h 34m
615. Finding Tony,6.7, (111),1h 20m
616. Escape from the 21st Century,6.6, (825),1h 38m
617. The Lost Holliday,1.7, (310),1h 36m
618. Red Flag,5.7, (73),46m
619. Init,4.8, (202),49m
620. Edge of Night,6.1, (124),1h 25m
621. Duino,8.2, (101),1h 48m
622. Hazard,8.7, (236),1h 29m
623. Girl in the Video,5.5, (310),1h 27m
624. Visiting Hours,5.8, (275),1h 48m
625. The Friendly,8.1, (15),1h 41m
626. Why Do You?,5.4, (402),1h 43m
627. Viet and Nam,6.4, (363),2h 9m
628. A Traveler's Needs,6.5, (790),1h 30m
629. Roadkill,3.6, (673),1h 30m
630. Je Jatt Vigarh Gya,5.7, (817),2h 12m
631. Prodigieuses,6.6, (132),1h 41m
632. Godless,8.1, (40),1h 26m
633. Fasal,7.6, (181),1h 30m
634. Room Service,3.9, (292),47m
635. Langue Étrangère,6.7, (482),1h 41m
636. Who Am I,N/A,N/A,N/A
637. First Taste,4.4, (153),1h 37m
638. Meat,6.4, (124),1h 44m
639. Heaven is Beneath Mother's Feet,7.5, (293),2h 20m
640. Traffic,7.0, (64),1h 59m
641. Climax,7.3, (45),1h 13m
642. Mond,6.9, (198),1h 32m
643. A Balloon's Landing,6.6, (496),1h 40m
644. Grassland,8.5, (57),1h 28m
645. The Last Republican,7.7, (64),1h 30m
646. Late Bloomer,4.6, (128),2h 20m
647. Drawing Closer,7.6, (2.5K),1h 58m
648. Dark Night of the Soul,3.4, (158),1h 21m
649. Vaazha: Biopic of a Billion Boys,7.3, (3.9K),2h 5m
650. Hotii de Subiecte,N/A,N/A,1h 50m
651. National Theatre Live: The Motive and the Cue,8.5, (190),3h
652. Snatched a Billionaire to Be My Husband,7.6, (650),1h 10m
653. Nurse Abi,4.5, (159),47m
654. Swatantrya Veer Savarkar,7.7, (17K),2h 56m
655. Desert of Namibia,6.6, (253),2h 17m
656. Siddharth Roy,6.4, (2.9K),2h 28m
657. Rita,6.6, (238),1h 34m
658. Karinyo Brutal,6.2, (410),1h 31m
659. Louise Violet,6.5, (149),1h 48m
660. Gloria!,6.6, (962),1h 46m
661. Auction,6.4, (878),1h 31m
662. Meanwhile on Earth,6.0, (878),1h 29m
663. The Birds Who Fear Death,9.3, (70),1h 42m
664. The Holiday Junkie,6.3, (442),1h 28m
"665. Marry, Fuck, Kill",N/A,N/A,1h 21m
666. Hobal,8.0, (969),1h 54m
667. Udan Chhoo,7.7, (311),2h 14m
668. All the Lost Ones,3.8, (228),1h 45m
669. Frankenstein: Legacy,3.6, (198),1h 41m
670. Donselya,5.2, (54),1h 40m
671. Almost Paradise,6.5, (532),2h
672. Movie Given Hiiragi Mix.,7.4, (139),1h 10m
673. Seeking Haven for Mr. Rambo,8.3, (628),1h 40m
674. Tillu Square,6.6, (3.4K),2h 17m
675. Un mondo a parte,6.5, (1.2K),1h 53m
676. Arillo de hombre muerto,7.2, (34),1h 48m
677. Salawahan,4.3, (197),1h 56m
678. Corina,7.6, (271),1h 36m
679. Unspoken,8.0, (68),1h 31m
680. Pimpinero: Blood and Oil,5.6, (541),2h 1m
681. A Carpenter's Prayer,8.6, (33),1h 31m
682. Meeting with Pol Pot,6.4, (358),1h 52m
683. Everybody Loves Touda,6.7, (270),1h 42m
684. The Neon Highway,6.0, (485),1h 53m
685. Uhaw,6.8, (99),1h 52m
686. Black Creek,N/A,N/A,1h 56m
687. Sailing Home,6.3, (103),2h
688. Family Therapy,6.1, (151),2h 2m
689. Kidnapping Inc.,6.6, (228),1h 47m
690. Sisid Marino,6.1, (357),1h 30m
691. Alpha.,6.9, (229),1h 40m
692. Sicilian Holiday,4.9, (16),1h 42m
693. Los destellos,6.8, (615),1h 41m
694. Come Closer,7.1, (251),1h 47m
695. Ravens,8.3, (56),1h 57m
696. My First Film,6.2, (881),1h 40m
697. A Vilã das Nove,6.6, (70),1h 43m
698. Phir Aayi Hasseen Dillruba,5.8, (6.8K),2h 12m
699. Wanted: Girlfriend,4.3, (216),49m
700. Merry Christmas,6.9, (30K),2h 24m
"701. Hello, Love, Again",6.8, (793),2h 2m
702. Rally Caps,5.5, (136),1h 40m
703. The Actor,3.3, (723),2h 8m
704. All Shall Be Well,7.2, (807),1h 33m
705. She Taught Love,5.2, (406),1h 42m
706. Untamed Royals,4.6, (623),1h 39m
707. The Book of Jobs,N/A,N/A,1h 30m
708. Boundary Waters,8.5, (17),N/A
709. Une part manquante,6.7, (230),1h 38m
710. Pin/Ya,6.3, (62),1h 1m
711. The Great Ambition,7.2, (676),2h 3m
712. Else,6.1, (228),1h 40m
713. Art of Love,4.6, (2.3K),1h 39m
714. Emma and Eddie: A Working Couple,4.7, (355),1h 33m
715. Reinas,6.9, (290),1h 44m
716. Balestra,5.1, (517),2h 25m
717. Diva Futura,6.4, (246),2h
718. Money Game,8.1, (39),N/A
719. Painter and Lampshade,6.9, (82),1h 46m
720. Bermondsey Tales: Fall of the Roman Empire,4.4, (175),1h 39m
721. Bau: Artist at War,7.1, (52),2h 10m
722. The Black Sea,8.0, (79),1h 36m
723. Death's Sonata,7.5, (258),1h 43m
724. We Forgot to Break Up,7.2, (36),1h 34m
725. Je le jure,N/A,N/A,1h 50m
726. Lover,7.0, (2.9K),2h 25m
727. Somnium,8.5, (40),1h 32m
728. A Girl Named Ann,7.3, (219),1h 53m
729. John Cranko,7.1, (174),2h 13m
730. Teki,7.2, (85),1h 48m
731. Adopted,4.0, (214),1h 23m
732. A Girl Like Him,N/A,N/A,N/A
733. Filmlovers!,6.1, (122),1h 28m
734. Drive Back Home,8.0, (72),1h 40m
735. Smoke Signals,6.3, (326),1h 35m
736. Dandelion,5.3, (387),1h 53m
737. The Witch: Revenge,5.3, (779),1h 40m
738. Nonostante,5.9, (72),1h 33m
739. Last Mile,7.0, (264),2h 8m
740. Milano,6.9, (145),1h 59m
741. Drowning Dry,6.3, (382),1h 28m
742. Sucha Soorma,6.5, (910),2h 16m
743. Last Known Location,6.3, (1.3K),1h 50m
744. Same Old West,8.5, (29),1h 38m
745. Good Bad Things,5.8, (189),1h 36m
746. Divorce,5.8, (737),1h 31m
747. Der Buchspazierer,7.3, (363),1h 38m
748. Hear Me: Our Summer,7.5, (624),1h 49m
749. Serpent's Path,5.8, (275),1h 52m
750. The Paradise of Thorns,7.7, (1.1K),2h 11m
"751. Palipat-lipat, papalit-palit",5.1, (227),1h 30m
752. The Stress Is Killing Me,5.6, (6),R
753. Here's Yianni!,8.6, (9),1h 41m
754. Girl from the North Country,7.0, (12),2h 32m
755. Just in Time,7.0, (298),1h 30m
756. Out,6.8, (116),1h 31m
757. The Last of Us: Immunity,6.3, (13),1h 4m
758. Empire Waist,6.6, (165),1h 37m
759. Viva La Vida,7.6, (795),2h 10m
760. The Dog,6.7, (18),1h 46m
761. Baligtaran,5.5, (68),1h 1m
762. Ipar Adalah Maut,7.0, (1.2K),2h 11m
763. The Buildout,4.2, (72),1h 10m
764. Last Swim,6.9, (152),1h 36m
765. Unpredictable,5.4, (399),1h 41m
766. Funny Birds,5.6, (224),1h 37m
767. Cita,4.5, (138),52m
768. American Trash,7.2, (395),1h 55m
769. The Sleeping Woman,5.2, (553),1h 50m
770. Parasite,4.4, (20),1h 24m
771. A Bronx Tale: The Original One Man Show,8.1, (14),N/A
772. An Irish Angel,5.9, (141),N/A
773. Kulong,4.3, (127),50m
774. A Brother and 7 Siblings,8.6, (1.1K),2h 9m
775. Yodha,5.7, (8.8K),2h 10m
776. Memory Lane,7.4, (1.8K),1h 38m
777. Christmas Cowboy,6.7, (104),N/A
778. High Forces,5.8, (510),1h 59m
779. Battlefield,6.2, (644),1h 44m
780. Bir Cumhuriyet Sarkisi,7.7, (374),2h 8m
781. Peg O' My Heart,5.9, (52),1h 37m
782. Tears of Cem Karaca,7.2, (1.9K),2h 3m
783. Grand Maison Paris,7.4, (86),1h 51m
784. Solvent,7.3, (385),N/A
785. The Bad Guardian,7.0, (241),1h 27m
786. Indian 2,3.9, (16K),N/A
787. Victory,6.4, (237),2h
788. The Mountain,6.6, (152),1h 29m
789. Break,4.6, (184),1h 46m
790. Malu,7.8, (235),1h 40m
791. Nineteen,6.5, (105),1h 48m
792. Die Akademie,5.9, (9),1h 44m
793. Saturn Return,6.5, (1.2K),1h 49m
794. Manas,8.0, (74),1h 41m
795. Unexposed,7.6, (61),1h 3m
796. Mahal Ko Ang Mahal Mo,6.2, (106),48m
797. The Freshly Cut Grass,6.5, (106),1h 54m
798. All the Long Nights,7.1, (696),1h 59m
799. Jazzy,6.1, (176),1h 26m
800. Pure Love,9.1, (94),1h 49m
801. Kappu Bilupina Naduve,9.1, (563),2h 16m
802. The Waterboyz,7.9, (83),1h 29m
803. Blue Sun Palace,6.5, (121),1h 56m
804. Passport to Love,6.2, (394),1h 28m
805. Memories of a Burning Body,6.9, (266),1h 30m
806. Citizen of a Kind,6.7, (777),1h 54m
807. Le choix,5.7, (146),1h 16m
808. Mr. Bachchan,3.6, (5.3K),2h 30m
809. Transplant,8.2, (16),1h 33m
810. The Keeper,5.0, (123),1h 41m
811. Bang Bang,7.3, (86),1h 43m
812. Undergrads,5.6, (44),1h 6m
813. Frères,6.3, (578),1h 45m
814. Oxana,8.2, (8),1h 43m
815. Bangkok Breaking: Heaven and Hell,5.8, (657),2h 26m
816. The Opera!,7.2, (46),1h 46m
817. The Glory of Life,6.6, (421),1h 38m
"818. Disco, Ibiza, Locomia",6.0, (1.5K),1h 44m
819. Auron Mein Kahan Dum Tha,6.6, (41K),2h 30m
820. Amy Winehouse,7.0, (312),1h 18m
821. The Time It Takes,6.8, (318),1h 50m
822. Max Dagan,6.0, (13),1h 32m
823. Bhairathi Ranagal,7.0, (1.2K),2h 30m
"824. Love, Sitara",5.3, (295),1h 45m
825. Daddysitter,6.6, (95),1h
826. My Fathers' Daughter,6.6, (71),1h 18m
827. Albany Road,7.7, (107),2h 15m
828. Rest in Peace,5.8, (2.3K),1h 45m
829. The Kingdom,7.9, (85),2h 13m
830. The Exiles,6.8, (37),1h 50m
831. Mor Chhainha Bhuinya 2,8.4, (61),2h 40m
832. Asiri Ade,9.4, (9),2h
833. The Goat,6.0, (91),1h 40m
834. Freedom Hair,4.7, (150),1h 39m
835. Goyo,6.6, (2.2K),1h 46m
836. Animale,5.9, (272),1h 38m
837. Kalikot,5.1, (204),49m
838. Bureau 749,4.1, (503),2h 3m
839. Bhoothaddam Bhaskar Narayana,6.2, (276),2h 21m
840. Cartas Telepáticas,5.7, (32),1h 10m
841. Borderless Fog,5.2, (1.3K),1h 50m
842. Boy Kaldag,5.0, (42),1h 34m
843. A Trip Elsewhere,5.5, (97),1h 33m
844. Skelly,5.6, (89),1h 25m
845. Fresh,8.0, (24),1h 38m
846. Ghamasaan,8.6, (15),2h 30m
847. Super Happy Forever,6.9, (167),1h 34m
848. Silence 2: The Night Owl Bar Shootout,6.2, (1.9K),2h 22m
849. Sabari,8.4, (5.4K),2h 9m
850. Abraham Ozler,6.5, (4.1K),2h 23m
851. Bolehkah Sekali Saja Kumenangis,7.3, (250),1h 41m
852. An Intruder Among Us,9.4, (16),N/A
853. Rent Free,7.8, (65),1h 33m
854. Uno,8.7, (30),N/A
855. The Wingwalker,7.1, (170),1h 57m
856. Crust,6.2, (221),1h 42m
857. Simona Kossak,6.1, (284),1h 40m
858. Do Aur Do Pyaar,6.4, (12K),2h 20m
859. Paluwagan,6.5, (90),1h 6m
860. Mi gallo,7.3, (116),1h 30m
861. 6 in the Morning,4.0, (194),1h 27m
862. Amish Affair,5.5, (199),1h 26m
863. Unsinkable,5.7, (137),1h 40m
864. Home Sweet Loan,8.1, (829),1h 52m
865. Ballot,6.3, (216),1h 42m
866. Pukpok,7.1, (60),1h 2m
867. Aberdeen,6.8, (57),1h 23m
868. FanGirl,4.4, (34),1h 20m
869. My New Friends,5.5, (217),1h 25m
870. GATAO: Like Father Like Son,6.8, (65),1h 40m
871. Mujigae,7.4, (10),1h 49m
872. Dange,5.3, (788),2h 34m
873. Dhoom Dhaam,6.7, (3.8K),2h 22m
874. The Time of Fever,8.0, (622),1h 41m
875. Quiet Life,6.6, (146),1h 39m
876. Cheaters,4.3, (174),52m
877. Shayar,8.2, (636),2h 35m
878. Sad Jokes,6.7, (79),1h 36m
879. Committee Kurrollu,8.6, (3.1K),2h 36m
880. Beautiful Rebel,6.3, (982),1h 52m
881. Wishbone,6.9, (32),2h
882. Baby Assassins: Nice Days,7.3, (273),1h 43m
883. Habiter la maison,5.2, (5),1h 40m
884. Nobody Dumps My Daughter,6.8, (89),1h 28m
885. The Snow Sister,7.0, (2.1K),1h 36m
886. Veni Vidi Vici,5.9, (324),1h 26m
887. The Death That Awaits,5.9, (582),1h 42m
888. This Life of Mine,5.5, (225),1h 39m
889. She's Got No Name,7.0, (45),2h 30m
890. My Annoying Brother,7.5, (186),1h 54m
891. Familiar Touch,6.8, (267),1h 30m
892. When in Rome,6.1, (728),1h 38m
893. Kathleen Is Here,7.0, (52),1h 35m
894. Vijay 69,6.1, (1.2K),1h 52m
895. A Circus Tale & a Love Song,5.9, (103),1h 54m
896. The Midway Point,N/A,N/A,1h 27m
897. Pontonovo srce,6.9, (19),1h 37m
898. Samia,6.9, (123),1h 42m
899. National Theatre Live: Nye,8.0, (257),2h 40m
900. Just a Farmer,8.1, (80),1h 43m
901. La casa,7.0, (913),1h 23m
902. Martin,2.3, (36K),2h 27m
903. Teacher's Pet,5.6, (17),1h 14m
904. Sadik Ahmet,7.7, (411),2h 5m
905. L'albero,7.0, (8),1h 32m
906. Oye Bhole Oye,6.8, (545),2h 18m
907. The Brink of Dreams,7.1, (125),1h 42m
908. Head South,6.8, (220),1h 38m
909. The Other Side,7.4, (423),1h 58m
910. My Husband's Mistress,4.8, (6),1h 36m
911. Una terapia di gruppo,5.7, (70),N/A
912. Global Harmony,7.1, (80),1h 35m
913. Drinker Sai,9.2, (2.1K),2h 28m
914. Tahong,6.9, (65),1h 30m
915. Cup,8.5, (66),2h 26m
916. Vittoria,7.0, (132),1h 29m
917. Mai,6.8, (1.5K),2h 11m
918. Sweet Release,6.0, (96),1h 42m
919. Simon of the Mountain,6.3, (266),1h 36m
920. The Way We Talk,7.5, (188),2h 12m
921. Danger in the Dorm,5.1, (150),1h 26m
922. The Sparrow in the Chimney,6.7, (199),1h 57m
923. Mommy Meanest,5.2, (250),1h 27m
924. Bachhala Malli,8.3, (3.9K),2h 20m
925. Messy,6.2, (14),1h 30m
926. Notice to Quit,6.2, (524),1h 31m
927. Cadi,6.3, (4.3K),2h 14m
928. No Dogs Allowed,7.6, (190),1h 46m
929. Phullwanti,7.9, (598),2h 14m
930. Nahir,4.7, (1.1K),2h 2m
931. Dreams in Nightmares,7.3, (42),2h
932. Lady Guard,6.4, (109),47m
933. Yudhra,5.0, (13K),2h 22m
934. Polvo serán,6.7, (284),1h 46m
935. Down the Rabbit Hole,5.6, (536),1h 42m
936. Mother's Instinct,6.5, (80),14m
937. Pepe,6.2, (474),2h 2m
938. 10 Days of a Curious Man,5.8, (1.2K),1h 50m
939. Juliette au printemps,6.4, (219),1h 35m
940. Shambhala,7.2, (1.4K),2h 30m
941. In the Land of Brothers,7.6, (218),1h 35m
942. Lula Leblanc,7.0, (38),1h 36m
943. Kangaroo Island,7.5, (24),1h 53m
944. Min evige sommer,7.9, (74),1h 45m
945. 78 dana,7.3, (228),1h 22m
946. Babah,7.0, (105),2h 9m
947. Inheritance,8.3, (22),N/A
948. In His Own Image,6.1, (277),1h 50m
949. Onegin,7.0, (1.2K),2h 21m
950. Haze,6.9, (43),1h 16m
951. Cookster: The Darkest Days,8.2, (39),1h 59m
952. Satu - Year of the Rabbit,9.3, (48),1h 33m
953. Like a Rolling Stone,7.8, (415),1h 46m
954. In Good Hands 2,5.3, (941),1h 39m
955. Article 20,6.9, (1.1K),2h 21m
956. Crisis Negotiators,6.7, (693),2h
957. Spilt Milk,7.0, (7),1h 31m
958. Tacoma,3.5, (168),1h 43m
959. Cat's Cry,8.6, (21),N/A
"960. Canadian, Sniper",3.5, (347),1h 23m
961. Le panache,6.6, (101),1h 33m
962. You're Not There,7.7, (39),1h 16m
963. Upstream,7.0, (1.2K),2h 1m
964. Levoton Tuhkimo,6.4, (406),1h 28m
965. Some Nights I Feel Like Walking,7.2, (38),1h 43m
966. All That We Love,7.9, (35),1h 30m
967. Do Not Open,2.6, (259),1h 31m
968. The Missile,6.6, (995),1h 50m
969. Once Upon a Christmas Wish,6.1, (315),1h 30m
970. American Underdog,8.8, (23),1h 29m
971. Flight 404,7.3, (1.8K),1h 44m
972. In Fidelity,4.9, (26),N/A
973. Don't Say It,8.9, (35),N/A
974. The Champion,5.5, (872),1h 46m
975. Given 3: To the Sea,8.4, (11),1h 20m
976. Treading Water,8.2, (19),2h 1m
977. Off the Record,N/A,N/A,1h 35m
978. Yek Number,6.4, (144),2h 40m
979. Svemu dodje kraj,6.7, (256),1h 29m
980. Highway 65,5.9, (160),1h 49m
981. 2nd Miracle in Cell No. 7,7.8, (199),2h 27m
982. Carnage for Christmas,4.5, (338),1h 9m
"983. Men Are from QC, Women Are from Alabang",5.4, (144),1h 49m
984. Tumbadores,5.0, (61),N/A
985. Unspoken,8.2, (47),2h
986. By the Stream,6.9, (265),1h 51m
987. Dance Rivals,5.9, (64),1h 33m
988. Naam,6.4, (274),2h 16m
989. Face Off 7: One Wish,7.3, (340),2h 18m
990. Queen Lateefah,7.5, (25),N/A
991. Kemba,8.4, (93),1h 58m
992. The Marriage Pass,6.9, (120),1h 30m
993. Bisons,6.8, (84),1h 45m
994. Winter in Sokcho,6.8, (175),1h 44m
995. Pantasya ni Tami,5.0, (181),1h 54m
996. Thirst Trap,6.8, (69),1h 11m
997. Cash for Gold,8.3, (37),N/A
998. Mamífera,6.6, (418),1h 33m
999. Jenni,6.6, (42),1h 53m
1000. Main Atal Hoon,6.9, (6.3K),2h 19m
